month,mfr_name,maketxt,modeltxt,yeartxt,component_group,topic_id,topic_label,signal_tier,watchlist_score,term,tfidf_score,doc_support,doc_support_share,min_df_used
2026-02-01,FORD MOTOR COMPANY,FORD,F-150,2017,POWER TRAIN,6,Transmission shifting / gear engagement issue,High-confidence signal,24.100156516884418,transmission,0.09634982409813755,31,0.8157894736842105,2
2026-02-01,FORD MOTOR COMPANY,FORD,F-150,2017,POWER TRAIN,6,Transmission shifting / gear engagement issue,High-confidence signal,24.100156516884418,gear,0.08281397505713983,27,0.7105263157894737,2
2026-02-01,FORD MOTOR COMPANY,FORD,F-150,2017,POWER TRAIN,6,Transmission shifting / gear engagement issue,High-confidence signal,24.100156516884418,not,0.05488894362560793,15,0.39473684210526316,2
2026-02-01,FORD MOTOR COMPANY,FORD,F-150,2017,POWER TRAIN,6,Transmission shifting / gear engagement issue,High-confidence signal,24.100156516884418,shifting,0.05166680088311673,10,0.2631578947368421,2
2026-02-01,FORD MOTOR COMPANY,FORD,F-150,2017,POWER TRAIN,6,Transmission shifting / gear engagement issue,High-confidence signal,24.100156516884418,times,0.048627052515411676,9,0.23684210526315788,2
2026-02-01,FORD MOTOR COMPANY,FORD,F-150,2015,POWER TRAIN,6,Transmission shifting / gear engagement issue,High-confidence signal,23.178736958189955,transmission,0.1151058262410433,20,0.7407407407407407,2
2026-02-01,FORD MOTOR COMPANY,FORD,F-150,2015,POWER TRAIN,6,Transmission shifting / gear engagement issue,High-confidence signal,23.178736958189955,gear,0.11372529448455025,15,0.5555555555555556,2
2026-02-01,FORD MOTOR COMPANY,FORD,F-150,2015,POWER TRAIN,6,Transmission shifting / gear engagement issue,High-confidence signal,23.178736958189955,truck,0.06908753815737081,10,0.37037037037037035,2
2026-02-01,FORD MOTOR COMPANY,FORD,F-150,2015,POWER TRAIN,6,Transmission shifting / gear engagement issue,High-confidence signal,23.178736958189955,shifting,0.06706519703229946,7,0.25925925925925924,2
2026-02-01,FORD MOTOR COMPANY,FORD,F-150,2015,POWER TRAIN,6,Transmission shifting / gear engagement issue,High-confidence signal,23.178736958189955,down,0.06252512638259664,8,0.2962962962962963,2
2026-02-01,FORD MOTOR COMPANY,FORD,F-150,2016,POWER TRAIN,6,Transmission shifting / gear engagement issue,High-confidence signal,22.545886667822547,transmission,0.09488659490012004,24,0.8,2
2026-02-01,FORD MOTOR COMPANY,FORD,F-150,2016,POWER TRAIN,6,Transmission shifting / gear engagement issue,High-confidence signal,22.545886667822547,gear,0.09348211142566071,22,0.7333333333333333,2
2026-02-01,FORD MOTOR COMPANY,FORD,F-150,2016,POWER TRAIN,6,Transmission shifting / gear engagement issue,High-confidence signal,22.545886667822547,truck,0.0669269557758184,11,0.36666666666666664,2
2026-02-01,FORD MOTOR COMPANY,FORD,F-150,2016,POWER TRAIN,6,Transmission shifting / gear engagement issue,High-confidence signal,22.545886667822547,shift,0.05973899395486729,10,0.3333333333333333,2
2026-02-01,FORD MOTOR COMPANY,FORD,F-150,2016,POWER TRAIN,6,Transmission shifting / gear engagement issue,High-confidence signal,22.545886667822547,down,0.05528746500078937,12,0.4,2
2026-02-01,MAZDA MOTOR CORP.,MAZDA,CX-90,2024,STEERING,10,Steering wheel binding / difficult turning issue,High-confidence signal,17.802789572704953,steering,0.17223509715080426,18,1.0,2
2026-02-01,MAZDA MOTOR CORP.,MAZDA,CX-90,2024,STEERING,10,Steering wheel binding / difficult turning issue,High-confidence signal,17.802789572704953,wheel,0.13989814304524362,14,0.7777777777777778,2
2026-02-01,MAZDA MOTOR CORP.,MAZDA,CX-90,2024,STEERING,10,Steering wheel binding / difficult turning issue,High-confidence signal,17.802789572704953,steering wheel,0.11881242539896053,11,0.6111111111111112,2
2026-02-01,MAZDA MOTOR CORP.,MAZDA,CX-90,2024,STEERING,10,Steering wheel binding / difficult turning issue,High-confidence signal,17.802789572704953,not,0.11176505161250577,7,0.3888888888888889,2
2026-02-01,MAZDA MOTOR CORP.,MAZDA,CX-90,2024,STEERING,10,Steering wheel binding / difficult turning issue,High-confidence signal,17.802789572704953,turn,0.11055136757248388,7,0.3888888888888889,2
2026-02-01,HYUNDAI MOTOR AMERICA,HYUNDAI,IONIQ 5,2024,ELECTRICAL SYSTEM,1,Electric power steering assist loss,Moderate signal,17.017361134099644,power,0.20866132009614424,7,1.0,2
2026-02-01,HYUNDAI MOTOR AMERICA,HYUNDAI,IONIQ 5,2024,ELECTRICAL SYSTEM,1,Electric power steering assist loss,Moderate signal,17.017361134099644,loss,0.1540996656776057,5,0.7142857142857143,2
2026-02-01,HYUNDAI MOTOR AMERICA,HYUNDAI,IONIQ 5,2024,ELECTRICAL SYSTEM,1,Electric power steering assist loss,Moderate signal,17.017361134099644,traffic,0.14448108865572168,4,0.5714285714285714,2
2026-02-01,HYUNDAI MOTOR AMERICA,HYUNDAI,IONIQ 5,2024,ELECTRICAL SYSTEM,1,Electric power steering assist loss,Moderate signal,17.017361134099644,lost,0.1341756863531291,4,0.5714285714285714,2
2026-02-01,HYUNDAI MOTOR AMERICA,HYUNDAI,IONIQ 5,2024,ELECTRICAL SYSTEM,1,Electric power steering assist loss,Moderate signal,17.017361134099644,lost power,0.1341756863531291,4,0.5714285714285714,2
2026-02-01,FORD MOTOR COMPANY,FORD,F-150,2020,POWER TRAIN,6,Transmission shifting / gear engagement issue,High-confidence signal,15.09856694023441,transmission,0.12634835169285277,14,0.875,2
2026-02-01,FORD MOTOR COMPANY,FORD,F-150,2020,POWER TRAIN,6,Transmission shifting / gear engagement issue,High-confidence signal,15.09856694023441,not,0.09088245672276676,10,0.625,2
2026-02-01,FORD MOTOR COMPANY,FORD,F-150,2020,POWER TRAIN,6,Transmission shifting / gear engagement issue,High-confidence signal,15.09856694023441,gear,0.08779018376981985,8,0.5,2
2026-02-01,FORD MOTOR COMPANY,FORD,F-150,2020,POWER TRAIN,6,Transmission shifting / gear engagement issue,High-confidence signal,15.09856694023441,truck,0.08485698666904626,6,0.375,2
2026-02-01,FORD MOTOR COMPANY,FORD,F-150,2020,POWER TRAIN,6,Transmission shifting / gear engagement issue,High-confidence signal,15.09856694023441,hard,0.07786630562486231,4,0.25,2
2026-02-01,FORD MOTOR COMPANY,FORD,F-150,2016,POWER TRAIN,2,Check engine light / engine fault complaints,Early signal,11.588876107821703,engine,0.10482243473744994,3,1.0,1
2026-02-01,FORD MOTOR COMPANY,FORD,F-150,2016,POWER TRAIN,2,Check engine light / engine fault complaints,Early signal,11.588876107821703,wrench,0.09629356590652866,2,0.6666666666666666,1
2026-02-01,FORD MOTOR COMPANY,FORD,F-150,2016,POWER TRAIN,2,Check engine light / engine fault complaints,Early signal,11.588876107821703,light,0.09188633830467405,2,0.6666666666666666,1
2026-02-01,FORD MOTOR COMPANY,FORD,F-150,2016,POWER TRAIN,2,Check engine light / engine fault complaints,Early signal,11.588876107821703,lite,0.08968338517541043,1,0.3333333333333333,1
2026-02-01,FORD MOTOR COMPANY,FORD,F-150,2016,POWER TRAIN,2,Check engine light / engine fault complaints,Early signal,11.588876107821703,check,0.08943668276739099,3,1.0,1
2026-02-01,FORD MOTOR COMPANY,FORD,F-150,2016,ELECTRICAL SYSTEM,6,Transmission shifting / gear engagement issue,Early signal,11.351385556251657,downshifting electrical,0.11030143043712923,1,0.25,1
2026-02-01,FORD MOTOR COMPANY,FORD,F-150,2016,ELECTRICAL SYSTEM,6,Transmission shifting / gear engagement issue,Early signal,11.351385556251657,electrical,0.11030143043712923,1,0.25,1
2026-02-01,FORD MOTOR COMPANY,FORD,F-150,2016,ELECTRICAL SYSTEM,6,Transmission shifting / gear engagement issue,Early signal,11.351385556251657,electrical issues,0.11030143043712923,1,0.25,1
2026-02-01,FORD MOTOR COMPANY,FORD,F-150,2016,ELECTRICAL SYSTEM,6,Transmission shifting / gear engagement issue,Early signal,11.351385556251657,transmission,0.1095555079149647,4,1.0,1
2026-02-01,FORD MOTOR COMPANY,FORD,F-150,2016,ELECTRICAL SYSTEM,6,Transmission shifting / gear engagement issue,Early signal,11.351385556251657,downshifting,0.10464105505216861,2,0.5,1
2026-02-01,HYUNDAI MOTOR AMERICA,HYUNDAI,ELANTRA,2017,ENGINE / COOLING,15,Oil consumption / low oil issue,Early signal,10.64250164200487,oil,0.12494000814595188,3,1.0,1
2026-02-01,HYUNDAI MOTOR AMERICA,HYUNDAI,ELANTRA,2017,ENGINE / COOLING,15,Oil consumption / low oil issue,Early signal,10.64250164200487,engine,0.11677638397869902,3,1.0,1
2026-02-01,HYUNDAI MOTOR AMERICA,HYUNDAI,ELANTRA,2017,ENGINE / COOLING,15,Oil consumption / low oil issue,Early signal,10.64250164200487,no,0.11163869625695585,3,1.0,1
2026-02-01,HYUNDAI MOTOR AMERICA,HYUNDAI,ELANTRA,2017,ENGINE / COOLING,15,Oil consumption / low oil issue,Early signal,10.64250164200487,000,0.0716315215161968,2,0.6666666666666666,1
2026-02-01,HYUNDAI MOTOR AMERICA,HYUNDAI,ELANTRA,2017,ENGINE / COOLING,15,Oil consumption / low oil issue,Early signal,10.64250164200487,no oil,0.07095688678336644,2,0.6666666666666666,1
2026-02-01,FORD MOTOR COMPANY,FORD,F-150,2016,ENGINE / COOLING,6,Transmission shifting / gear engagement issue,Early signal,10.594177556854001,transmission,0.16006328219264415,2,0.6666666666666666,1
2026-02-01,FORD MOTOR COMPANY,FORD,F-150,2016,ENGINE / COOLING,6,Transmission shifting / gear engagement issue,Early signal,10.594177556854001,transmission downshifting,0.12996266987231808,1,0.3333333333333333,1
2026-02-01,FORD MOTOR COMPANY,FORD,F-150,2016,ENGINE / COOLING,6,Transmission shifting / gear engagement issue,Early signal,10.594177556854001,downshifting,0.12996266987231808,1,0.3333333333333333,1
2026-02-01,FORD MOTOR COMPANY,FORD,F-150,2016,ENGINE / COOLING,6,Transmission shifting / gear engagement issue,Early signal,10.594177556854001,downshifting electrical,0.12996266987231808,1,0.3333333333333333,1
2026-02-01,FORD MOTOR COMPANY,FORD,F-150,2016,ENGINE / COOLING,6,Transmission shifting / gear engagement issue,Early signal,10.594177556854001,electrical,0.12996266987231808,1,0.3333333333333333,1
2026-02-01,"GENERAL MOTORS, LLC",CHEVROLET,SILVERADO 1500,2022,ENGINE / COOLING,15,Oil consumption / low oil issue,Moderate signal,10.442986994049765,engine,0.20500100239019822,5,1.0,2
2026-02-01,"GENERAL MOTORS, LLC",CHEVROLET,SILVERADO 1500,2022,ENGINE / COOLING,15,Oil consumption / low oil issue,Moderate signal,10.442986994049765,oil,0.2004367089772565,5,1.0,2
2026-02-01,"GENERAL MOTORS, LLC",CHEVROLET,SILVERADO 1500,2022,ENGINE / COOLING,15,Oil consumption / low oil issue,Moderate signal,10.442986994049765,noise,0.15315017299492836,2,0.4,2
2026-02-01,"GENERAL MOTORS, LLC",CHEVROLET,SILVERADO 1500,2022,ENGINE / COOLING,15,Oil consumption / low oil issue,Moderate signal,10.442986994049765,loss,0.1468530498737882,3,0.6,2
2026-02-01,"GENERAL MOTORS, LLC",CHEVROLET,SILVERADO 1500,2022,ENGINE / COOLING,15,Oil consumption / low oil issue,Moderate signal,10.442986994049765,2026,0.14489518213733862,3,0.6,2
2026-02-01,FORD MOTOR COMPANY,FORD,F-150,2017,ELECTRICAL SYSTEM,6,Transmission shifting / gear engagement issue,Early signal,10.200356795287078,down,0.08788580941277419,1,0.3333333333333333,1
2026-02-01,FORD MOTOR COMPANY,FORD,F-150,2017,ELECTRICAL SYSTEM,6,Transmission shifting / gear engagement issue,Early signal,10.200356795287078,february,0.08788580941277419,1,0.3333333333333333,1
2026-02-01,FORD MOTOR COMPANY,FORD,F-150,2017,ELECTRICAL SYSTEM,6,Transmission shifting / gear engagement issue,Early signal,10.200356795287078,truck,0.08214952681657253,2,0.6666666666666666,1
2026-02-01,FORD MOTOR COMPANY,FORD,F-150,2017,ELECTRICAL SYSTEM,6,Transmission shifting / gear engagement issue,Early signal,10.200356795287078,not,0.07585894955693218,2,0.6666666666666666,1
2026-02-01,FORD MOTOR COMPANY,FORD,F-150,2017,ELECTRICAL SYSTEM,6,Transmission shifting / gear engagement issue,Early signal,10.200356795287078,happened,0.06876548531542288,2,0.6666666666666666,1
2026-02-01,HYUNDAI MOTOR AMERICA,HYUNDAI,SANTA FE SPORT,2018,ENGINE / COOLING,2,Check engine light / engine fault complaints,Early signal,10.129470408977237,engine,0.10471873927385256,3,1.0,1
2026-02-01,HYUNDAI MOTOR AMERICA,HYUNDAI,SANTA FE SPORT,2018,ENGINE / COOLING,2,Check engine light / engine fault complaints,Early signal,10.129470408977237,not,0.10471873927385256,3,1.0,1
2026-02-01,HYUNDAI MOTOR AMERICA,HYUNDAI,SANTA FE SPORT,2018,ENGINE / COOLING,2,Check engine light / engine fault complaints,Early signal,10.129470408977237,started,0.1020858394655227,1,0.3333333333333333,1
2026-02-01,HYUNDAI MOTOR AMERICA,HYUNDAI,SANTA FE SPORT,2018,ENGINE / COOLING,2,Check engine light / engine fault complaints,Early signal,10.129470408977237,light,0.06851110984450723,2,0.6666666666666666,1
2026-02-01,HYUNDAI MOTOR AMERICA,HYUNDAI,SANTA FE SPORT,2018,ENGINE / COOLING,2,Check engine light / engine fault complaints,Early signal,10.129470408977237,trying,0.06851110984450723,2,0.6666666666666666,1
2026-02-01,"BMW OF NORTH AMERICA, LLC",BMW,X5,2019,ENGINE / COOLING,15,Oil consumption / low oil issue,Early signal,9.602254863856496,oil,0.1352545592485177,3,1.0,1
2026-02-01,"BMW OF NORTH AMERICA, LLC",BMW,X5,2019,ENGINE / COOLING,15,Oil consumption / low oil issue,Early signal,9.602254863856496,engine,0.13177032785169143,3,1.0,1
2026-02-01,"BMW OF NORTH AMERICA, LLC",BMW,X5,2019,ENGINE / COOLING,15,Oil consumption / low oil issue,Early signal,9.602254863856496,engine oil,0.07904862608293767,3,1.0,1
2026-02-01,"BMW OF NORTH AMERICA, LLC",BMW,X5,2019,ENGINE / COOLING,15,Oil consumption / low oil issue,Early signal,9.602254863856496,oil pump,0.07511129176253856,2,0.6666666666666666,1
2026-02-01,"BMW OF NORTH AMERICA, LLC",BMW,X5,2019,ENGINE / COOLING,15,Oil consumption / low oil issue,Early signal,9.602254863856496,pump,0.07511129176253856,2,0.6666666666666666,1
2026-02-01,"GENERAL MOTORS, LLC",GMC,SIERRA 1500,2022,ENGINE / COOLING,15,Oil consumption / low oil issue,Early signal,9.312176063102786,engine,0.10754974057007735,4,1.0,1
2026-02-01,"GENERAL MOTORS, LLC",GMC,SIERRA 1500,2022,ENGINE / COOLING,15,Oil consumption / low oil issue,Early signal,9.312176063102786,oil,0.08519543834552964,4,1.0,1
2026-02-01,"GENERAL MOTORS, LLC",GMC,SIERRA 1500,2022,ENGINE / COOLING,15,Oil consumption / low oil issue,Early signal,9.312176063102786,gm,0.07055664433547197,4,1.0,1
2026-02-01,"GENERAL MOTORS, LLC",GMC,SIERRA 1500,2022,ENGINE / COOLING,15,Oil consumption / low oil issue,Early signal,9.312176063102786,recall,0.07011191992743002,4,1.0,1
2026-02-01,"GENERAL MOTORS, LLC",GMC,SIERRA 1500,2022,ENGINE / COOLING,15,Oil consumption / low oil issue,Early signal,9.312176063102786,not,0.06691321052947952,2,0.5,1
2026-02-01,HYUNDAI MOTOR AMERICA,HYUNDAI,IONIQ 5,2025,ELECTRICAL SYSTEM,12,Cruise / traction / electronic braking control issue,Moderate signal,9.105816333566631,unit,0.19298652975922118,5,0.8333333333333334,2
2026-02-01,HYUNDAI MOTOR AMERICA,HYUNDAI,IONIQ 5,2025,ELECTRICAL SYSTEM,12,Cruise / traction / electronic braking control issue,Moderate signal,9.105816333566631,iccu,0.17706645779025704,5,0.8333333333333334,2
2026-02-01,HYUNDAI MOTOR AMERICA,HYUNDAI,IONIQ 5,2025,ELECTRICAL SYSTEM,12,Cruise / traction / electronic braking control issue,Moderate signal,9.105816333566631,not,0.16754689701476755,2,0.3333333333333333,2
2026-02-01,HYUNDAI MOTOR AMERICA,HYUNDAI,IONIQ 5,2025,ELECTRICAL SYSTEM,12,Cruise / traction / electronic braking control issue,Moderate signal,9.105816333566631,battery,0.16271288772942455,3,0.5,2
2026-02-01,HYUNDAI MOTOR AMERICA,HYUNDAI,IONIQ 5,2025,ELECTRICAL SYSTEM,12,Cruise / traction / electronic braking control issue,Moderate signal,9.105816333566631,failed,0.150097266741847,3,0.5,2
2026-02-01,"GENERAL MOTORS, LLC",CHEVROLET,SILVERADO 1500,2022,FUEL / PROPULSION,15,Oil consumption / low oil issue,Early signal,8.484241557864756,engine,0.09798504734984424,3,1.0,1
2026-02-01,"GENERAL MOTORS, LLC",CHEVROLET,SILVERADO 1500,2022,FUEL / PROPULSION,15,Oil consumption / low oil issue,Early signal,8.484241557864756,loss,0.08912477981218274,2,0.6666666666666666,1
2026-02-01,"GENERAL MOTORS, LLC",CHEVROLET,SILVERADO 1500,2022,FUEL / PROPULSION,15,Oil consumption / low oil issue,Early signal,8.484241557864756,oil,0.08666281515593072,3,1.0,1
2026-02-01,"GENERAL MOTORS, LLC",CHEVROLET,SILVERADO 1500,2022,FUEL / PROPULSION,15,Oil consumption / low oil issue,Early signal,8.484241557864756,no,0.07001192251931848,2,0.6666666666666666,1
2026-02-01,"GENERAL MOTORS, LLC",CHEVROLET,SILVERADO 1500,2022,FUEL / PROPULSION,15,Oil consumption / low oil issue,Early signal,8.484241557864756,did,0.069432440339348,2,0.6666666666666666,1
2026-02-01,FORD MOTOR COMPANY,FORD,F-150,2017,VEHICLE SPEED CONTROL,6,Transmission shifting / gear engagement issue,Early signal,8.468815215316688,transmission,0.13701258754286907,3,1.0,1
2026-02-01,FORD MOTOR COMPANY,FORD,F-150,2017,VEHICLE SPEED CONTROL,6,Transmission shifting / gear engagement issue,Early signal,8.468815215316688,truck,0.08203253991135612,2,0.6666666666666666,1
2026-02-01,FORD MOTOR COMPANY,FORD,F-150,2017,VEHICLE SPEED CONTROL,6,Transmission shifting / gear engagement issue,Early signal,8.468815215316688,not,0.07573771867015312,2,0.6666666666666666,1
2026-02-01,FORD MOTOR COMPANY,FORD,F-150,2017,VEHICLE SPEED CONTROL,6,Transmission shifting / gear engagement issue,Early signal,8.468815215316688,control,0.07182791100758208,1,0.3333333333333333,1
2026-02-01,FORD MOTOR COMPANY,FORD,F-150,2017,VEHICLE SPEED CONTROL,6,Transmission shifting / gear engagement issue,Early signal,8.468815215316688,control unit,0.07182791100758208,1,0.3333333333333333,1
2026-02-01,HONDA (AMERICAN HONDA MOTOR CO.),ACURA,RDX,2013,EXTERIOR LIGHTING,18,Headlight / low beam visibility issue,Early signal,8.275702396832486,head,0.10132759547919373,1,0.3333333333333333,1
2026-02-01,HONDA (AMERICAN HONDA MOTOR CO.),ACURA,RDX,2013,EXTERIOR LIGHTING,18,Headlight / low beam visibility issue,Early signal,8.275702396832486,internet,0.08671889993847366,2,0.6666666666666666,1
2026-02-01,HONDA (AMERICAN HONDA MOTOR CO.),ACURA,RDX,2013,EXTERIOR LIGHTING,18,Headlight / low beam visibility issue,Early signal,8.275702396832486,headlights,0.08671889993847366,2,0.6666666666666666,1
2026-02-01,HONDA (AMERICAN HONDA MOTOR CO.),ACURA,RDX,2013,EXTERIOR LIGHTING,18,Headlight / low beam visibility issue,Early signal,8.275702396832486,internet searches,0.08671889993847366,2,0.6666666666666666,1
2026-02-01,HONDA (AMERICAN HONDA MOTOR CO.),ACURA,RDX,2013,EXTERIOR LIGHTING,18,Headlight / low beam visibility issue,Early signal,8.275702396832486,searches,0.08671889993847366,2,0.6666666666666666,1
2026-02-01,TOYOTA MOTOR CORPORATION,TOYOTA,RAV4,2021,ELECTRICAL SYSTEM,7,Door latch / lock / unintended opening issue,Early signal,8.172167791154058,door,0.14477009397865132,3,1.0,1
2026-02-01,TOYOTA MOTOR CORPORATION,TOYOTA,RAV4,2021,ELECTRICAL SYSTEM,7,Door latch / lock / unintended opening issue,Early signal,8.172167791154058,lock,0.13117050341433123,3,1.0,1
2026-02-01,TOYOTA MOTOR CORPORATION,TOYOTA,RAV4,2021,ELECTRICAL SYSTEM,7,Door latch / lock / unintended opening issue,Early signal,8.172167791154058,passenger,0.0962453509135318,2,0.6666666666666666,1
2026-02-01,TOYOTA MOTOR CORPORATION,TOYOTA,RAV4,2021,ELECTRICAL SYSTEM,7,Door latch / lock / unintended opening issue,Early signal,8.172167791154058,theft,0.08533176288234322,2,0.6666666666666666,1
2026-02-01,TOYOTA MOTOR CORPORATION,TOYOTA,RAV4,2021,ELECTRICAL SYSTEM,7,Door latch / lock / unintended opening issue,Early signal,8.172167791154058,locked,0.08273633758976075,2,0.6666666666666666,1
2026-02-01,"CHRYSLER (FCA US, LLC)",JEEP,WRANGLER,2023,ELECTRICAL SYSTEM,17,Vehicle shutoff / stall while driving issue,Early signal,7.158325867836018,start,0.08513774561460435,3,0.75,1
2026-02-01,"CHRYSLER (FCA US, LLC)",JEEP,WRANGLER,2023,ELECTRICAL SYSTEM,17,Vehicle shutoff / stall while driving issue,Early signal,7.158325867836018,park,0.08441302074226399,2,0.5,1
2026-02-01,"CHRYSLER (FCA US, LLC)",JEEP,WRANGLER,2023,ELECTRICAL SYSTEM,17,Vehicle shutoff / stall while driving issue,Early signal,7.158325867836018,make,0.07840844284899931,1,0.25,1
2026-02-01,"CHRYSLER (FCA US, LLC)",JEEP,WRANGLER,2023,ELECTRICAL SYSTEM,17,Vehicle shutoff / stall while driving issue,Early signal,7.158325867836018,make stops,0.07840844284899931,1,0.25,1
2026-02-01,"CHRYSLER (FCA US, LLC)",JEEP,WRANGLER,2023,ELECTRICAL SYSTEM,17,Vehicle shutoff / stall while driving issue,Early signal,7.158325867836018,off make,0.07840844284899931,1,0.25,1
2026-02-01,"GENERAL MOTORS, LLC",CHEVROLET,SUBURBAN,2021,ENGINE / COOLING,15,Oil consumption / low oil issue,Early signal,7.063117050559308,consumption,0.15745769658697914,2,0.6666666666666666,1
2026-02-01,"GENERAL MOTORS, LLC",CHEVROLET,SUBURBAN,2021,ENGINE / COOLING,15,Oil consumption / low oil issue,Early signal,7.063117050559308,oil,0.1539106166093604,3,1.0,1
2026-02-01,"GENERAL MOTORS, LLC",CHEVROLET,SUBURBAN,2021,ENGINE / COOLING,15,Oil consumption / low oil issue,Early signal,7.063117050559308,oil consumption,0.14139828412628286,2,0.6666666666666666,1
2026-02-01,"GENERAL MOTORS, LLC",CHEVROLET,SUBURBAN,2021,ENGINE / COOLING,15,Oil consumption / low oil issue,Early signal,7.063117050559308,consumption test,0.11096585134513122,2,0.6666666666666666,1
2026-02-01,"GENERAL MOTORS, LLC",CHEVROLET,SUBURBAN,2021,ENGINE / COOLING,15,Oil consumption / low oil issue,Early signal,7.063117050559308,test,0.11096585134513122,2,0.6666666666666666,1
2026-02-01,"GENERAL MOTORS, LLC",CHEVROLET,SILVERADO 1500,2018,POWER TRAIN,6,Transmission shifting / gear engagement issue,Early signal,6.674881206129083,transmission,0.14963690320057949,3,1.0,1
2026-02-01,"GENERAL MOTORS, LLC",CHEVROLET,SILVERADO 1500,2018,POWER TRAIN,6,Transmission shifting / gear engagement issue,Early signal,6.674881206129083,shift,0.13336148973036482,2,0.6666666666666666,1
2026-02-01,"GENERAL MOTORS, LLC",CHEVROLET,SILVERADO 1500,2018,POWER TRAIN,6,Transmission shifting / gear engagement issue,Early signal,6.674881206129083,hard,0.09724978143979258,2,0.6666666666666666,1
2026-02-01,"GENERAL MOTORS, LLC",CHEVROLET,SILVERADO 1500,2018,POWER TRAIN,6,Transmission shifting / gear engagement issue,Early signal,6.674881206129083,no,0.09264741831052412,2,0.6666666666666666,1
2026-02-01,"GENERAL MOTORS, LLC",CHEVROLET,SILVERADO 1500,2018,POWER TRAIN,6,Transmission shifting / gear engagement issue,Early signal,6.674881206129083,speed,0.09070294348499697,1,0.3333333333333333,1
2026-02-01,FORD MOTOR COMPANY,FORD,BRONCO SPORT,2022,FUEL / PROPULSION,9,Fuel pump / fuel tank / leak or odor issue,Early signal,6.292412462980237,fuel,0.187700103843886,3,1.0,1
2026-02-01,FORD MOTOR COMPANY,FORD,BRONCO SPORT,2022,FUEL / PROPULSION,9,Fuel pump / fuel tank / leak or odor issue,Early signal,6.292412462980237,fuel gasoline,0.18251621030168474,2,0.6666666666666666,1
2026-02-01,FORD MOTOR COMPANY,FORD,BRONCO SPORT,2022,FUEL / PROPULSION,9,Fuel pump / fuel tank / leak or odor issue,Early signal,6.292412462980237,recall,0.18251621030168474,2,0.6666666666666666,1
2026-02-01,FORD MOTOR COMPANY,FORD,BRONCO SPORT,2022,FUEL / PROPULSION,9,Fuel pump / fuel tank / leak or odor issue,Early signal,6.292412462980237,gasoline,0.18251621030168474,2,0.6666666666666666,1
2026-02-01,FORD MOTOR COMPANY,FORD,BRONCO SPORT,2022,FUEL / PROPULSION,9,Fuel pump / fuel tank / leak or odor issue,Early signal,6.292412462980237,interim,0.1478341860014219,1,0.3333333333333333,1
2026-02-01,"CHRYSLER (FCA US, LLC)",RAM,3500,2025,ELECTRICAL SYSTEM,12,Cruise / traction / electronic braking control issue,Early signal,6.276260118046867,sensors,0.15618780881629504,4,1.0,1
2026-02-01,"CHRYSLER (FCA US, LLC)",RAM,3500,2025,ELECTRICAL SYSTEM,12,Cruise / traction / electronic braking control issue,Early signal,6.276260118046867,wheel,0.12601134071457237,4,1.0,1
2026-02-01,"CHRYSLER (FCA US, LLC)",RAM,3500,2025,ELECTRICAL SYSTEM,12,Cruise / traction / electronic braking control issue,Early signal,6.276260118046867,wheel speed,0.12601134071457237,4,1.0,1
2026-02-01,"CHRYSLER (FCA US, LLC)",RAM,3500,2025,ELECTRICAL SYSTEM,12,Cruise / traction / electronic braking control issue,Early signal,6.276260118046867,speed sensors,0.12601134071457237,4,1.0,1
2026-02-01,"CHRYSLER (FCA US, LLC)",RAM,3500,2025,ELECTRICAL SYSTEM,12,Cruise / traction / electronic braking control issue,Early signal,6.276260118046867,times,0.12601134071457237,4,1.0,1
2026-02-01,"CHRYSLER (FCA US, LLC)",RAM,3500,2025,POWER TRAIN,12,Cruise / traction / electronic braking control issue,Early signal,6.276260118046867,sensors,0.15618780881629504,4,1.0,1
2026-02-01,"CHRYSLER (FCA US, LLC)",RAM,3500,2025,POWER TRAIN,12,Cruise / traction / electronic braking control issue,Early signal,6.276260118046867,wheel,0.12601134071457237,4,1.0,1
2026-02-01,"CHRYSLER (FCA US, LLC)",RAM,3500,2025,POWER TRAIN,12,Cruise / traction / electronic braking control issue,Early signal,6.276260118046867,wheel speed,0.12601134071457237,4,1.0,1
2026-02-01,"CHRYSLER (FCA US, LLC)",RAM,3500,2025,POWER TRAIN,12,Cruise / traction / electronic braking control issue,Early signal,6.276260118046867,speed sensors,0.12601134071457237,4,1.0,1
2026-02-01,"CHRYSLER (FCA US, LLC)",RAM,3500,2025,POWER TRAIN,12,Cruise / traction / electronic braking control issue,Early signal,6.276260118046867,times,0.12601134071457237,4,1.0,1
2026-02-01,"CHRYSLER (FCA US, LLC)",RAM,3500,2025,SERVICE BRAKES,12,Cruise / traction / electronic braking control issue,Early signal,6.276260118046867,sensors,0.15618780881629504,4,1.0,1
2026-02-01,"CHRYSLER (FCA US, LLC)",RAM,3500,2025,SERVICE BRAKES,12,Cruise / traction / electronic braking control issue,Early signal,6.276260118046867,wheel,0.12601134071457237,4,1.0,1
2026-02-01,"CHRYSLER (FCA US, LLC)",RAM,3500,2025,SERVICE BRAKES,12,Cruise / traction / electronic braking control issue,Early signal,6.276260118046867,wheel speed,0.12601134071457237,4,1.0,1
2026-02-01,"CHRYSLER (FCA US, LLC)",RAM,3500,2025,SERVICE BRAKES,12,Cruise / traction / electronic braking control issue,Early signal,6.276260118046867,speed sensors,0.12601134071457237,4,1.0,1
2026-02-01,"CHRYSLER (FCA US, LLC)",RAM,3500,2025,SERVICE BRAKES,12,Cruise / traction / electronic braking control issue,Early signal,6.276260118046867,times,0.12601134071457237,4,1.0,1
2026-02-01,FORD MOTOR COMPANY,FORD,TAURUS,2015,BACK OVER PREVENTION,19,Tire / suspension / frame rust mixed issue,Early signal,6.2247754771292065,camera,0.17403448461131166,3,1.0,1
2026-02-01,FORD MOTOR COMPANY,FORD,TAURUS,2015,BACK OVER PREVENTION,19,Tire / suspension / frame rust mixed issue,Early signal,6.2247754771292065,rear,0.12549217356097464,3,1.0,1
2026-02-01,FORD MOTOR COMPANY,FORD,TAURUS,2015,BACK OVER PREVENTION,19,Tire / suspension / frame rust mixed issue,Early signal,6.2247754771292065,view,0.12549217356097464,3,1.0,1
2026-02-01,FORD MOTOR COMPANY,FORD,TAURUS,2015,BACK OVER PREVENTION,19,Tire / suspension / frame rust mixed issue,Early signal,6.2247754771292065,rear view,0.12549217356097464,3,1.0,1
2026-02-01,FORD MOTOR COMPANY,FORD,TAURUS,2015,BACK OVER PREVENTION,19,Tire / suspension / frame rust mixed issue,Early signal,6.2247754771292065,view camera,0.1181623615359283,2,0.6666666666666666,1
2026-02-01,"GENERAL MOTORS, LLC",GMC,YUKON XL,2023,ENGINE / COOLING,15,Oil consumption / low oil issue,Early signal,6.049228055141324,engine,0.11426789995229884,3,1.0,1
2026-02-01,"GENERAL MOTORS, LLC",GMC,YUKON XL,2023,ENGINE / COOLING,15,Oil consumption / low oil issue,Early signal,6.049228055141324,oil,0.11044773961249402,3,1.0,1
2026-02-01,"GENERAL MOTORS, LLC",GMC,YUKON XL,2023,ENGINE / COOLING,15,Oil consumption / low oil issue,Early signal,6.049228055141324,change,0.07697041064299673,3,1.0,1
2026-02-01,"GENERAL MOTORS, LLC",GMC,YUKON XL,2023,ENGINE / COOLING,15,Oil consumption / low oil issue,Early signal,6.049228055141324,recall,0.0724706526159593,2,0.6666666666666666,1
2026-02-01,"GENERAL MOTORS, LLC",GMC,YUKON XL,2023,ENGINE / COOLING,15,Oil consumption / low oil issue,Early signal,6.049228055141324,new,0.07243658958300639,2,0.6666666666666666,1
2026-02-01,"CHRYSLER (FCA US, LLC)",JEEP,CHEROKEE,2018,POWER TRAIN,6,Transmission shifting / gear engagement issue,Early signal,5.865419443484921,while,0.12352829405563068,3,1.0,1
2026-02-01,"CHRYSLER (FCA US, LLC)",JEEP,CHEROKEE,2018,POWER TRAIN,6,Transmission shifting / gear engagement issue,Early signal,5.865419443484921,transmission,0.11713854860733468,2,0.6666666666666666,1
2026-02-01,"CHRYSLER (FCA US, LLC)",JEEP,CHEROKEE,2018,POWER TRAIN,6,Transmission shifting / gear engagement issue,Early signal,5.865419443484921,train,0.09824791123246063,3,1.0,1
2026-02-01,"CHRYSLER (FCA US, LLC)",JEEP,CHEROKEE,2018,POWER TRAIN,6,Transmission shifting / gear engagement issue,Early signal,5.865419443484921,shifted,0.09824791123246063,3,1.0,1
2026-02-01,"CHRYSLER (FCA US, LLC)",JEEP,CHEROKEE,2018,POWER TRAIN,6,Transmission shifting / gear engagement issue,Early signal,5.865419443484921,power train,0.09824791123246063,3,1.0,1
2026-02-01,FORD MOTOR COMPANY,FORD,ESCAPE,2015,BACK OVER PREVENTION,18,Headlight / low beam visibility issue,Moderate signal,5.864748433614738,camera,0.2603879353832176,5,1.0,2
2026-02-01,FORD MOTOR COMPANY,FORD,ESCAPE,2015,BACK OVER PREVENTION,18,Headlight / low beam visibility issue,Moderate signal,5.864748433614738,over prevention,0.2424188459383288,5,1.0,2
2026-02-01,FORD MOTOR COMPANY,FORD,ESCAPE,2015,BACK OVER PREVENTION,18,Headlight / low beam visibility issue,Moderate signal,5.864748433614738,prevention,0.2424188459383288,5,1.0,2
2026-02-01,FORD MOTOR COMPANY,FORD,ESCAPE,2015,BACK OVER PREVENTION,18,Headlight / low beam visibility issue,Moderate signal,5.864748433614738,over,0.2424188459383288,5,1.0,2
2026-02-01,FORD MOTOR COMPANY,FORD,ESCAPE,2015,BACK OVER PREVENTION,18,Headlight / low beam visibility issue,Moderate signal,5.864748433614738,rearview,0.22820943771110241,4,0.8,2
2026-02-01,"GENERAL MOTORS, LLC",GMC,SIERRA 1500,2015,POWER TRAIN,6,Transmission shifting / gear engagement issue,Early signal,5.845517900894987,shift,0.1278299931298356,3,1.0,1
2026-02-01,"GENERAL MOTORS, LLC",GMC,SIERRA 1500,2015,POWER TRAIN,6,Transmission shifting / gear engagement issue,Early signal,5.845517900894987,gear,0.10503946767813874,2,0.6666666666666666,1
2026-02-01,"GENERAL MOTORS, LLC",GMC,SIERRA 1500,2015,POWER TRAIN,6,Transmission shifting / gear engagement issue,Early signal,5.845517900894987,tranmission,0.10361751524135462,1,0.3333333333333333,1
2026-02-01,"GENERAL MOTORS, LLC",GMC,SIERRA 1500,2015,POWER TRAIN,6,Transmission shifting / gear engagement issue,Early signal,5.845517900894987,tranmission shuttering,0.10361751524135462,1,0.3333333333333333,1
2026-02-01,"GENERAL MOTORS, LLC",GMC,SIERRA 1500,2015,POWER TRAIN,6,Transmission shifting / gear engagement issue,Early signal,5.845517900894987,shift right,0.10361751524135462,1,0.3333333333333333,1
2026-02-01,FORD MOTOR COMPANY,FORD,F-150,2014,POWER TRAIN,6,Transmission shifting / gear engagement issue,Early signal,5.731394269688294,truck,0.11597432663787496,3,1.0,1
2026-02-01,FORD MOTOR COMPANY,FORD,F-150,2014,POWER TRAIN,6,Transmission shifting / gear engagement issue,Early signal,5.731394269688294,gear,0.10283032355961841,3,1.0,1
2026-02-01,FORD MOTOR COMPANY,FORD,F-150,2014,POWER TRAIN,6,Transmission shifting / gear engagement issue,Early signal,5.731394269688294,3rd gear,0.08711273026573291,1,0.3333333333333333,1
2026-02-01,FORD MOTOR COMPANY,FORD,F-150,2014,POWER TRAIN,6,Transmission shifting / gear engagement issue,Early signal,5.731394269688294,3rd,0.08711273026573291,1,0.3333333333333333,1
2026-02-01,FORD MOTOR COMPANY,FORD,F-150,2014,POWER TRAIN,6,Transmission shifting / gear engagement issue,Early signal,5.731394269688294,transmission,0.08349030490975562,2,0.6666666666666666,1
2026-02-01,HONDA (AMERICAN HONDA MOTOR CO.),HONDA,PROLOGUE,2024,SUSPENSION,10,Steering wheel binding / difficult turning issue,Moderate signal,5.691662175630257,loud,0.22362633481326188,3,0.6,2
2026-02-01,HONDA (AMERICAN HONDA MOTOR CO.),HONDA,PROLOGUE,2024,SUSPENSION,10,Steering wheel binding / difficult turning issue,Moderate signal,5.691662175630257,steering,0.1834371148892356,3,0.6,2
2026-02-01,HONDA (AMERICAN HONDA MOTOR CO.),HONDA,PROLOGUE,2024,SUSPENSION,10,Steering wheel binding / difficult turning issue,Moderate signal,5.691662175630257,wheels,0.17440395614821103,2,0.4,2
2026-02-01,HONDA (AMERICAN HONDA MOTOR CO.),HONDA,PROLOGUE,2024,SUSPENSION,10,Steering wheel binding / difficult turning issue,Moderate signal,5.691662175630257,left,0.1735193667360977,3,0.6,2
2026-02-01,HONDA (AMERICAN HONDA MOTOR CO.),HONDA,PROLOGUE,2024,SUSPENSION,10,Steering wheel binding / difficult turning issue,Moderate signal,5.691662175630257,axle,0.1707203909276811,3,0.6,2
2026-02-01,FORD MOTOR COMPANY,FORD,EXPLORER,2015,STRUCTURE,19,Tire / suspension / frame rust mixed issue,Early signal,5.558710327263705,camera,0.12211584236125263,3,1.0,1
2026-02-01,FORD MOTOR COMPANY,FORD,EXPLORER,2015,STRUCTURE,19,Tire / suspension / frame rust mixed issue,Early signal,5.558710327263705,over,0.12211584236125263,3,1.0,1
2026-02-01,FORD MOTOR COMPANY,FORD,EXPLORER,2015,STRUCTURE,19,Tire / suspension / frame rust mixed issue,Early signal,5.558710327263705,over prevention,0.12211584236125263,3,1.0,1
2026-02-01,FORD MOTOR COMPANY,FORD,EXPLORER,2015,STRUCTURE,19,Tire / suspension / frame rust mixed issue,Early signal,5.558710327263705,prevention,0.12211584236125263,3,1.0,1
2026-02-01,FORD MOTOR COMPANY,FORD,EXPLORER,2015,STRUCTURE,19,Tire / suspension / frame rust mixed issue,Early signal,5.558710327263705,occasions,0.11480936116262241,1,0.3333333333333333,1
2026-02-01,"GENERAL MOTORS, LLC",GMC,SIERRA 1500,2023,ENGINE / COOLING,15,Oil consumption / low oil issue,Early signal,5.485391346600504,oil,0.11672698041158656,3,1.0,1
2026-02-01,"GENERAL MOTORS, LLC",GMC,SIERRA 1500,2023,ENGINE / COOLING,15,Oil consumption / low oil issue,Early signal,5.485391346600504,engine,0.08216600895935253,2,0.6666666666666666,1
2026-02-01,"GENERAL MOTORS, LLC",GMC,SIERRA 1500,2023,ENGINE / COOLING,15,Oil consumption / low oil issue,Early signal,5.485391346600504,brought,0.07768316622059837,1,0.3333333333333333,1
2026-02-01,"GENERAL MOTORS, LLC",GMC,SIERRA 1500,2023,ENGINE / COOLING,15,Oil consumption / low oil issue,Early signal,5.485391346600504,failure,0.07173090925849908,3,1.0,1
2026-02-01,"GENERAL MOTORS, LLC",GMC,SIERRA 1500,2023,ENGINE / COOLING,15,Oil consumption / low oil issue,Early signal,5.485391346600504,miles,0.06421464540513691,2,0.6666666666666666,1
2026-02-01,"CHRYSLER (FCA US, LLC)",ALFA ROMEO,STELVIO,2018,FUEL / PROPULSION,9,Fuel pump / fuel tank / leak or odor issue,Early signal,5.420755333013355,not,0.0989050439532849,2,0.6666666666666666,1
2026-02-01,"CHRYSLER (FCA US, LLC)",ALFA ROMEO,STELVIO,2018,FUEL / PROPULSION,9,Fuel pump / fuel tank / leak or odor issue,Early signal,5.420755333013355,fuel,0.09626715837147529,3,1.0,1
2026-02-01,"CHRYSLER (FCA US, LLC)",ALFA ROMEO,STELVIO,2018,FUEL / PROPULSION,9,Fuel pump / fuel tank / leak or odor issue,Early signal,5.420755333013355,recall,0.0741746440368075,2,0.6666666666666666,1
2026-02-01,"CHRYSLER (FCA US, LLC)",ALFA ROMEO,STELVIO,2018,FUEL / PROPULSION,9,Fuel pump / fuel tank / leak or odor issue,Early signal,5.420755333013355,no,0.0741746440368075,2,0.6666666666666666,1
2026-02-01,"CHRYSLER (FCA US, LLC)",ALFA ROMEO,STELVIO,2018,FUEL / PROPULSION,9,Fuel pump / fuel tank / leak or odor issue,Early signal,5.420755333013355,safety concerns,0.06546372466383313,1,0.3333333333333333,1
2026-02-01,"KIA AMERICA, INC.",KIA,EV6,2022,ELECTRICAL SYSTEM,18,Headlight / low beam visibility issue,Early signal,5.40155245616071,level,0.1358478295107195,2,0.6666666666666666,1
2026-02-01,"KIA AMERICA, INC.",KIA,EV6,2022,ELECTRICAL SYSTEM,18,Headlight / low beam visibility issue,Early signal,5.40155245616071,iccu,0.13118978317781232,3,1.0,1
2026-02-01,"KIA AMERICA, INC.",KIA,EV6,2022,ELECTRICAL SYSTEM,18,Headlight / low beam visibility issue,Early signal,5.40155245616071,level charges,0.1057949097283371,1,0.3333333333333333,1
2026-02-01,"KIA AMERICA, INC.",KIA,EV6,2022,ELECTRICAL SYSTEM,18,Headlight / low beam visibility issue,Early signal,5.40155245616071,work,0.1057949097283371,1,0.3333333333333333,1
2026-02-01,"KIA AMERICA, INC.",KIA,EV6,2022,ELECTRICAL SYSTEM,18,Headlight / low beam visibility issue,Early signal,5.40155245616071,failed,0.1057949097283371,1,0.3333333333333333,1
2026-02-01,FORD MOTOR COMPANY,FORD,F-150,2021,POWER TRAIN,6,Transmission shifting / gear engagement issue,Moderate signal,5.307942422974902,transmission,0.30229662458801,5,1.0,2
2026-02-01,FORD MOTOR COMPANY,FORD,F-150,2021,POWER TRAIN,6,Transmission shifting / gear engagement issue,Moderate signal,5.307942422974902,gear,0.2663580466899665,5,1.0,2
2026-02-01,FORD MOTOR COMPANY,FORD,F-150,2021,POWER TRAIN,6,Transmission shifting / gear engagement issue,Moderate signal,5.307942422974902,shift,0.22640351027385014,3,0.6,2
2026-02-01,FORD MOTOR COMPANY,FORD,F-150,2021,POWER TRAIN,6,Transmission shifting / gear engagement issue,Moderate signal,5.307942422974902,not,0.20965490595457892,4,0.8,2
2026-02-01,FORD MOTOR COMPANY,FORD,F-150,2021,POWER TRAIN,6,Transmission shifting / gear engagement issue,Moderate signal,5.307942422974902,truck,0.20801834495852375,2,0.4,2
2026-02-01,HYUNDAI MOTOR AMERICA,HYUNDAI,SANTA FE,2023,ELECTRICAL SYSTEM,18,Headlight / low beam visibility issue,Early signal,5.302970207674058,horn,0.20160921450951136,3,1.0,1
2026-02-01,HYUNDAI MOTOR AMERICA,HYUNDAI,SANTA FE,2023,ELECTRICAL SYSTEM,18,Headlight / low beam visibility issue,Early signal,5.302970207674058,working,0.16037236004241517,2,0.6666666666666666,1
2026-02-01,HYUNDAI MOTOR AMERICA,HYUNDAI,SANTA FE,2023,ELECTRICAL SYSTEM,18,Headlight / low beam visibility issue,Early signal,5.302970207674058,no,0.10002526808220791,2,0.6666666666666666,1
2026-02-01,HYUNDAI MOTOR AMERICA,HYUNDAI,SANTA FE,2023,ELECTRICAL SYSTEM,18,Headlight / low beam visibility issue,Early signal,5.302970207674058,stop working,0.08385963835164728,2,0.6666666666666666,1
2026-02-01,HYUNDAI MOTOR AMERICA,HYUNDAI,SANTA FE,2023,ELECTRICAL SYSTEM,18,Headlight / low beam visibility issue,Early signal,5.302970207674058,safety,0.08385963835164728,2,0.6666666666666666,1
2026-02-01,HYUNDAI MOTOR AMERICA,HYUNDAI,IONIQ 5,2025,ELECTRICAL SYSTEM,1,Electric power steering assist loss,Early signal,5.19406774088905,power,0.11313589975927504,4,1.0,1
2026-02-01,HYUNDAI MOTOR AMERICA,HYUNDAI,IONIQ 5,2025,ELECTRICAL SYSTEM,1,Electric power steering assist loss,Early signal,5.19406774088905,iccu,0.09806870680044644,3,0.75,1
2026-02-01,HYUNDAI MOTOR AMERICA,HYUNDAI,IONIQ 5,2025,ELECTRICAL SYSTEM,1,Electric power steering assist loss,Early signal,5.19406774088905,check,0.09708119113414801,3,0.75,1
2026-02-01,HYUNDAI MOTOR AMERICA,HYUNDAI,IONIQ 5,2025,ELECTRICAL SYSTEM,1,Electric power steering assist loss,Early signal,5.19406774088905,supply,0.08367013469346002,2,0.5,1
2026-02-01,HYUNDAI MOTOR AMERICA,HYUNDAI,IONIQ 5,2025,ELECTRICAL SYSTEM,1,Electric power steering assist loss,Early signal,5.19406774088905,heard,0.08367013469346002,2,0.5,1
2026-02-01,"GENERAL MOTORS, LLC",CHEVROLET,SILVERADO 1500,2023,ENGINE / COOLING,6,Transmission shifting / gear engagement issue,Early signal,5.18056243911694,transmission,0.0992964263203676,3,1.0,1
2026-02-01,"GENERAL MOTORS, LLC",CHEVROLET,SILVERADO 1500,2023,ENGINE / COOLING,6,Transmission shifting / gear engagement issue,Early signal,5.18056243911694,failures,0.0819708162804339,2,0.6666666666666666,1
2026-02-01,"GENERAL MOTORS, LLC",CHEVROLET,SILVERADO 1500,2023,ENGINE / COOLING,6,Transmission shifting / gear engagement issue,Early signal,5.18056243911694,stalled,0.07729677957992082,1,0.3333333333333333,1
2026-02-01,"GENERAL MOTORS, LLC",CHEVROLET,SILVERADO 1500,2023,ENGINE / COOLING,6,Transmission shifting / gear engagement issue,Early signal,5.18056243911694,while,0.07729677957992082,1,0.3333333333333333,1
2026-02-01,"GENERAL MOTORS, LLC",CHEVROLET,SILVERADO 1500,2023,ENGINE / COOLING,6,Transmission shifting / gear engagement issue,Early signal,5.18056243911694,engine,0.07407743984398107,2,0.6666666666666666,1
2026-02-01,"CHRYSLER (FCA US, LLC)",JEEP,WRANGLER,2012,SERVICE BRAKES,12,Cruise / traction / electronic braking control issue,Early signal,5.115787476072459,no,0.14443958240815236,3,1.0,1
2026-02-01,"CHRYSLER (FCA US, LLC)",JEEP,WRANGLER,2012,SERVICE BRAKES,12,Cruise / traction / electronic braking control issue,Early signal,5.115787476072459,abs,0.13267947375878403,3,1.0,1
2026-02-01,"CHRYSLER (FCA US, LLC)",JEEP,WRANGLER,2012,SERVICE BRAKES,12,Cruise / traction / electronic braking control issue,Early signal,5.115787476072459,fault,0.09295144962656078,2,0.6666666666666666,1
2026-02-01,"CHRYSLER (FCA US, LLC)",JEEP,WRANGLER,2012,SERVICE BRAKES,12,Cruise / traction / electronic braking control issue,Early signal,5.115787476072459,no date,0.08627583653789518,1,0.3333333333333333,1
2026-02-01,"CHRYSLER (FCA US, LLC)",JEEP,WRANGLER,2012,SERVICE BRAKES,12,Cruise / traction / electronic braking control issue,Early signal,5.115787476072459,faile no,0.08627583653789518,1,0.3333333333333333,1
2026-02-01,"GENERAL MOTORS, LLC",GMC,SIERRA 1500,2022,POWER TRAIN,6,Transmission shifting / gear engagement issue,Early signal,5.076189807008249,transmission,0.10921282451273492,3,1.0,1
2026-02-01,"GENERAL MOTORS, LLC",GMC,SIERRA 1500,2022,POWER TRAIN,6,Transmission shifting / gear engagement issue,Early signal,5.076189807008249,went,0.08145604812419281,1,0.3333333333333333,1
2026-02-01,"GENERAL MOTORS, LLC",GMC,SIERRA 1500,2022,POWER TRAIN,6,Transmission shifting / gear engagement issue,Early signal,5.076189807008249,light,0.07475026285052327,2,0.6666666666666666,1
2026-02-01,"GENERAL MOTORS, LLC",GMC,SIERRA 1500,2022,POWER TRAIN,6,Transmission shifting / gear engagement issue,Early signal,5.076189807008249,after,0.07298491775624225,1,0.3333333333333333,1
2026-02-01,"GENERAL MOTORS, LLC",GMC,SIERRA 1500,2022,POWER TRAIN,6,Transmission shifting / gear engagement issue,Early signal,5.076189807008249,shifting,0.06999132164133784,2,0.6666666666666666,1
2026-02-01,HYUNDAI MOTOR AMERICA,HYUNDAI,IONIQ 5,2023,ELECTRICAL SYSTEM,12,Cruise / traction / electronic braking control issue,Early signal,5.037190457546572,iccu,0.1470665390443573,3,1.0,1
2026-02-01,HYUNDAI MOTOR AMERICA,HYUNDAI,IONIQ 5,2023,ELECTRICAL SYSTEM,12,Cruise / traction / electronic braking control issue,Early signal,5.037190457546572,unit,0.11014861547375614,2,0.6666666666666666,1
2026-02-01,HYUNDAI MOTOR AMERICA,HYUNDAI,IONIQ 5,2023,ELECTRICAL SYSTEM,12,Cruise / traction / electronic braking control issue,Early signal,5.037190457546572,confirmed iccu,0.10690780289777507,2,0.6666666666666666,1
2026-02-01,HYUNDAI MOTOR AMERICA,HYUNDAI,IONIQ 5,2023,ELECTRICAL SYSTEM,12,Cruise / traction / electronic braking control issue,Early signal,5.037190457546572,confirmed,0.10563221096087186,3,1.0,1
2026-02-01,HYUNDAI MOTOR AMERICA,HYUNDAI,IONIQ 5,2023,ELECTRICAL SYSTEM,12,Cruise / traction / electronic braking control issue,Early signal,5.037190457546572,warning,0.08815970619706363,2,0.6666666666666666,1
2026-02-01,FORD MOTOR COMPANY,FORD,F-250,2020,FUEL / PROPULSION,9,Fuel pump / fuel tank / leak or odor issue,Early signal,5.036428262109865,fuel,0.1856748984990053,3,1.0,1
2026-02-01,FORD MOTOR COMPANY,FORD,F-250,2020,FUEL / PROPULSION,9,Fuel pump / fuel tank / leak or odor issue,Early signal,5.036428262109865,pump,0.12467833257186879,2,0.6666666666666666,1
2026-02-01,FORD MOTOR COMPANY,FORD,F-250,2020,FUEL / PROPULSION,9,Fuel pump / fuel tank / leak or odor issue,Early signal,5.036428262109865,hose,0.12106223119215814,1,0.3333333333333333,1
2026-02-01,FORD MOTOR COMPANY,FORD,F-250,2020,FUEL / PROPULSION,9,Fuel pump / fuel tank / leak or odor issue,Early signal,5.036428262109865,tank,0.12106223119215814,1,0.3333333333333333,1
2026-02-01,FORD MOTOR COMPANY,FORD,F-250,2020,FUEL / PROPULSION,9,Fuel pump / fuel tank / leak or odor issue,Early signal,5.036428262109865,fuel pump,0.10368862018421135,2,0.6666666666666666,1
2026-02-01,"KIA AMERICA, INC.",KIA,SPORTAGE,2023,ELECTRICAL SYSTEM,17,Vehicle shutoff / stall while driving issue,Early signal,5.031198597040985,12,0.11096922327907863,1,0.3333333333333333,1
2026-02-01,"KIA AMERICA, INC.",KIA,SPORTAGE,2023,ELECTRICAL SYSTEM,17,Vehicle shutoff / stall while driving issue,Early signal,5.031198597040985,turn called,0.08084520834544431,1,0.3333333333333333,1
2026-02-01,"KIA AMERICA, INC.",KIA,SPORTAGE,2023,ELECTRICAL SYSTEM,17,Vehicle shutoff / stall while driving issue,Early signal,5.031198597040985,not turn,0.08084520834544431,1,0.3333333333333333,1
2026-02-01,"KIA AMERICA, INC.",KIA,SPORTAGE,2023,ELECTRICAL SYSTEM,17,Vehicle shutoff / stall while driving issue,Early signal,5.031198597040985,never fixed,0.08084520834544431,1,0.3333333333333333,1
2026-02-01,"KIA AMERICA, INC.",KIA,SPORTAGE,2023,ELECTRICAL SYSTEM,17,Vehicle shutoff / stall while driving issue,Early signal,5.031198597040985,instrament cluster,0.08084520834544431,1,0.3333333333333333,1
2026-02-01,"CHRYSLER (FCA US, LLC)",JEEP,WRANGLER,2014,SERVICE BRAKES,12,Cruise / traction / electronic braking control issue,Early signal,4.932316727047395,abs,0.1340879688733957,3,1.0,1
2026-02-01,"CHRYSLER (FCA US, LLC)",JEEP,WRANGLER,2014,SERVICE BRAKES,12,Cruise / traction / electronic braking control issue,Early signal,4.932316727047395,module,0.12757438043378788,3,1.0,1
2026-02-01,"CHRYSLER (FCA US, LLC)",JEEP,WRANGLER,2014,SERVICE BRAKES,12,Cruise / traction / electronic braking control issue,Early signal,4.932316727047395,liable,0.11578750933331068,1,0.3333333333333333,1
2026-02-01,"CHRYSLER (FCA US, LLC)",JEEP,WRANGLER,2014,SERVICE BRAKES,12,Cruise / traction / electronic braking control issue,Early signal,4.932316727047395,module failed,0.09320079042865131,2,0.6666666666666666,1
2026-02-01,"CHRYSLER (FCA US, LLC)",JEEP,WRANGLER,2014,SERVICE BRAKES,12,Cruise / traction / electronic braking control issue,Early signal,4.932316727047395,abs module,0.09320079042865131,2,0.6666666666666666,1
2026-02-01,"GENERAL MOTORS, LLC",CHEVROLET,SILVERADO 1500,2021,POWER TRAIN,15,Oil consumption / low oil issue,Early signal,4.924948842603642,truck,0.09982737646055195,3,1.0,1
2026-02-01,"GENERAL MOTORS, LLC",CHEVROLET,SILVERADO 1500,2021,POWER TRAIN,15,Oil consumption / low oil issue,Early signal,4.924948842603642,miles,0.09628296938772615,2,0.6666666666666666,1
2026-02-01,"GENERAL MOTORS, LLC",CHEVROLET,SILVERADO 1500,2021,POWER TRAIN,15,Oil consumption / low oil issue,Early signal,4.924948842603642,time,0.08339556713100447,3,1.0,1
2026-02-01,"GENERAL MOTORS, LLC",CHEVROLET,SILVERADO 1500,2021,POWER TRAIN,15,Oil consumption / low oil issue,Early signal,4.924948842603642,000,0.0781167586144784,3,1.0,1
2026-02-01,"GENERAL MOTORS, LLC",CHEVROLET,SILVERADO 1500,2021,POWER TRAIN,15,Oil consumption / low oil issue,Early signal,4.924948842603642,oil,0.07096538322531512,3,1.0,1
2026-02-01,FORD MOTOR COMPANY,FORD,F-150,2025,FORWARD COLLISION AVOIDANCE,12,Cruise / traction / electronic braking control issue,Early signal,4.868774587956003,control,0.11406854938388039,2,0.6666666666666666,1
2026-02-01,FORD MOTOR COMPANY,FORD,F-150,2025,FORWARD COLLISION AVOIDANCE,12,Cruise / traction / electronic braking control issue,Early signal,4.868774587956003,cruise,0.10536054313957734,2,0.6666666666666666,1
2026-02-01,FORD MOTOR COMPANY,FORD,F-150,2025,FORWARD COLLISION AVOIDANCE,12,Cruise / traction / electronic braking control issue,Early signal,4.868774587956003,adaptive cruise,0.10536054313957734,2,0.6666666666666666,1
2026-02-01,FORD MOTOR COMPANY,FORD,F-150,2025,FORWARD COLLISION AVOIDANCE,12,Cruise / traction / electronic braking control issue,Early signal,4.868774587956003,cruise control,0.10536054313957734,2,0.6666666666666666,1
2026-02-01,FORD MOTOR COMPANY,FORD,F-150,2025,FORWARD COLLISION AVOIDANCE,12,Cruise / traction / electronic braking control issue,Early signal,4.868774587956003,adaptive,0.10536054313957734,2,0.6666666666666666,1
2026-02-01,TOYOTA MOTOR CORPORATION,TOYOTA,HIGHLANDER,2021,STRUCTURE,7,Door latch / lock / unintended opening issue,Early signal,4.839282903545671,trunk,0.11271871875934034,1,0.3333333333333333,1
2026-02-01,TOYOTA MOTOR CORPORATION,TOYOTA,HIGHLANDER,2021,STRUCTURE,7,Door latch / lock / unintended opening issue,Early signal,4.839282903545671,not,0.09437815308889841,3,1.0,1
2026-02-01,TOYOTA MOTOR CORPORATION,TOYOTA,HIGHLANDER,2021,STRUCTURE,7,Door latch / lock / unintended opening issue,Early signal,4.839282903545671,open,0.08842961046459791,3,1.0,1
2026-02-01,TOYOTA MOTOR CORPORATION,TOYOTA,HIGHLANDER,2021,STRUCTURE,7,Door latch / lock / unintended opening issue,Early signal,4.839282903545671,not open,0.07563631717100165,3,1.0,1
2026-02-01,TOYOTA MOTOR CORPORATION,TOYOTA,HIGHLANDER,2021,STRUCTURE,7,Door latch / lock / unintended opening issue,Early signal,4.839282903545671,trunk stopped,0.06657349110197426,1,0.3333333333333333,1
2026-02-01,TOYOTA MOTOR CORPORATION,TOYOTA,HIGHLANDER,2018,POWER TRAIN,6,Transmission shifting / gear engagement issue,Early signal,4.732884380953326,transmission,0.12782496490288583,4,1.0,1
2026-02-01,TOYOTA MOTOR CORPORATION,TOYOTA,HIGHLANDER,2018,POWER TRAIN,6,Transmission shifting / gear engagement issue,Early signal,4.732884380953326,poor,0.082505355937358,2,0.5,1
2026-02-01,TOYOTA MOTOR CORPORATION,TOYOTA,HIGHLANDER,2018,POWER TRAIN,6,Transmission shifting / gear engagement issue,Early signal,4.732884380953326,ua80 transmission,0.07947966070440358,1,0.25,1
2026-02-01,TOYOTA MOTOR CORPORATION,TOYOTA,HIGHLANDER,2018,POWER TRAIN,6,Transmission shifting / gear engagement issue,Early signal,4.732884380953326,transmission needs,0.07947966070440358,1,0.25,1
2026-02-01,TOYOTA MOTOR CORPORATION,TOYOTA,HIGHLANDER,2018,POWER TRAIN,6,Transmission shifting / gear engagement issue,Early signal,4.732884380953326,failed,0.07947966070440358,1,0.25,1
2026-02-01,"BMW OF NORTH AMERICA, LLC",BMW,230I,2017,TIRES,19,Tire / suspension / frame rust mixed issue,Early signal,4.709657443471337,tire,0.17009948596923774,4,1.0,1
2026-02-01,"BMW OF NORTH AMERICA, LLC",BMW,230I,2017,TIRES,19,Tire / suspension / frame rust mixed issue,Early signal,4.709657443471337,tires,0.1457648444045081,4,1.0,1
2026-02-01,"BMW OF NORTH AMERICA, LLC",BMW,230I,2017,TIRES,19,Tire / suspension / frame rust mixed issue,Early signal,4.709657443471337,2025,0.13491081221979173,4,1.0,1
2026-02-01,"BMW OF NORTH AMERICA, LLC",BMW,230I,2017,TIRES,19,Tire / suspension / frame rust mixed issue,Early signal,4.709657443471337,rf,0.1309216146390406,4,1.0,1
2026-02-01,"BMW OF NORTH AMERICA, LLC",BMW,230I,2017,TIRES,19,Tire / suspension / frame rust mixed issue,Early signal,4.709657443471337,bm rf,0.1309216146390406,4,1.0,1
2026-02-01,FORD MOTOR COMPANY,LINCOLN,MKC,2019,ENGINE / COOLING,16,Coolant leak / cylinder intrusion / overheating issue,Early signal,4.655706646639018,engine,0.14823153199054903,4,1.0,1
2026-02-01,FORD MOTOR COMPANY,LINCOLN,MKC,2019,ENGINE / COOLING,16,Coolant leak / cylinder intrusion / overheating issue,Early signal,4.655706646639018,ford,0.09617678616643419,3,0.75,1
2026-02-01,FORD MOTOR COMPANY,LINCOLN,MKC,2019,ENGINE / COOLING,16,Coolant leak / cylinder intrusion / overheating issue,Early signal,4.655706646639018,coolant,0.09389565708398522,4,1.0,1
2026-02-01,FORD MOTOR COMPANY,LINCOLN,MKC,2019,ENGINE / COOLING,16,Coolant leak / cylinder intrusion / overheating issue,Early signal,4.655706646639018,intrusion,0.08794479995715902,4,1.0,1
2026-02-01,FORD MOTOR COMPANY,LINCOLN,MKC,2019,ENGINE / COOLING,16,Coolant leak / cylinder intrusion / overheating issue,Early signal,4.655706646639018,coolant intrusion,0.08794479995715902,4,1.0,1
2026-02-01,HONDA (AMERICAN HONDA MOTOR CO.),ACURA,RDX,2019,VISIBILITY / WIPER,8,Windshield / glass cracking issue,Early signal,3.91480922158707,glass,0.1070246823856334,3,1.0,1
2026-02-01,HONDA (AMERICAN HONDA MOTOR CO.),ACURA,RDX,2019,VISIBILITY / WIPER,8,Windshield / glass cracking issue,Early signal,3.91480922158707,broken,0.10369651312962344,2,0.6666666666666666,1
2026-02-01,HONDA (AMERICAN HONDA MOTOR CO.),ACURA,RDX,2019,VISIBILITY / WIPER,8,Windshield / glass cracking issue,Early signal,3.91480922158707,shattered,0.09342967619475717,3,1.0,1
2026-02-01,HONDA (AMERICAN HONDA MOTOR CO.),ACURA,RDX,2019,VISIBILITY / WIPER,8,Windshield / glass cracking issue,Early signal,3.91480922158707,windshield,0.09045391518514319,3,1.0,1
2026-02-01,HONDA (AMERICAN HONDA MOTOR CO.),ACURA,RDX,2019,VISIBILITY / WIPER,8,Windshield / glass cracking issue,Early signal,3.91480922158707,just,0.08664797033816247,1,0.3333333333333333,1
2026-02-01,FORD MOTOR COMPANY,FORD,EXPLORER,2015,BACK OVER PREVENTION,19,Tire / suspension / frame rust mixed issue,Early signal,3.70580688484247,camera,0.12211584236125263,3,1.0,1
2026-02-01,FORD MOTOR COMPANY,FORD,EXPLORER,2015,BACK OVER PREVENTION,19,Tire / suspension / frame rust mixed issue,Early signal,3.70580688484247,over,0.12211584236125263,3,1.0,1
2026-02-01,FORD MOTOR COMPANY,FORD,EXPLORER,2015,BACK OVER PREVENTION,19,Tire / suspension / frame rust mixed issue,Early signal,3.70580688484247,over prevention,0.12211584236125263,3,1.0,1
2026-02-01,FORD MOTOR COMPANY,FORD,EXPLORER,2015,BACK OVER PREVENTION,19,Tire / suspension / frame rust mixed issue,Early signal,3.70580688484247,prevention,0.12211584236125263,3,1.0,1
2026-02-01,FORD MOTOR COMPANY,FORD,EXPLORER,2015,BACK OVER PREVENTION,19,Tire / suspension / frame rust mixed issue,Early signal,3.70580688484247,occasions,0.11480936116262241,1,0.3333333333333333,1
2026-02-01,HONDA (AMERICAN HONDA MOTOR CO.),HONDA,PROLOGUE,2024,STEERING,17,Vehicle shutoff / stall while driving issue,Early signal,3.5171336480711135,clicking,0.1218668855384499,3,0.75,1
2026-02-01,HONDA (AMERICAN HONDA MOTOR CO.),HONDA,PROLOGUE,2024,STEERING,17,Vehicle shutoff / stall while driving issue,Early signal,3.5171336480711135,turns,0.10421419107956666,2,0.5,1
2026-02-01,HONDA (AMERICAN HONDA MOTOR CO.),HONDA,PROLOGUE,2024,STEERING,17,Vehicle shutoff / stall while driving issue,Early signal,3.5171336480711135,noise heard,0.09457311181437672,2,0.5,1
2026-02-01,HONDA (AMERICAN HONDA MOTOR CO.),HONDA,PROLOGUE,2024,STEERING,17,Vehicle shutoff / stall while driving issue,Early signal,3.5171336480711135,noise,0.09457311181437672,2,0.5,1
2026-02-01,HONDA (AMERICAN HONDA MOTOR CO.),HONDA,PROLOGUE,2024,STEERING,17,Vehicle shutoff / stall while driving issue,Early signal,3.5171336480711135,right,0.09457311181437672,2,0.5,1
2026-02-01,HYUNDAI MOTOR AMERICA,HYUNDAI,IONIQ 5,2025,ELECTRICAL SYSTEM,17,Vehicle shutoff / stall while driving issue,Early signal,3.4672949982491694,pop,0.10352652187366698,3,1.0,1
2026-02-01,HYUNDAI MOTOR AMERICA,HYUNDAI,IONIQ 5,2025,ELECTRICAL SYSTEM,17,Vehicle shutoff / stall while driving issue,Early signal,3.4672949982491694,heard,0.10352652187366698,3,1.0,1
2026-02-01,HYUNDAI MOTOR AMERICA,HYUNDAI,IONIQ 5,2025,ELECTRICAL SYSTEM,17,Vehicle shutoff / stall while driving issue,Early signal,3.4672949982491694,error,0.09542693167051433,2,0.6666666666666666,1
2026-02-01,HYUNDAI MOTOR AMERICA,HYUNDAI,IONIQ 5,2025,ELECTRICAL SYSTEM,17,Vehicle shutoff / stall while driving issue,Early signal,3.4672949982491694,started,0.08907236619424003,2,0.6666666666666666,1
2026-02-01,HYUNDAI MOTOR AMERICA,HYUNDAI,IONIQ 5,2025,ELECTRICAL SYSTEM,17,Vehicle shutoff / stall while driving issue,Early signal,3.4672949982491694,electrical,0.08907236619424003,2,0.6666666666666666,1
2026-02-01,HYUNDAI MOTOR AMERICA,HYUNDAI,IONIQ 5,2024,POWER TRAIN,1,Electric power steering assist loss,Early signal,3.461972239935768,power,0.10706701156204612,3,1.0,1
2026-02-01,HYUNDAI MOTOR AMERICA,HYUNDAI,IONIQ 5,2024,POWER TRAIN,1,Electric power steering assist loss,Early signal,3.461972239935768,loss,0.08955434525502379,2,0.6666666666666666,1
2026-02-01,HYUNDAI MOTOR AMERICA,HYUNDAI,IONIQ 5,2024,POWER TRAIN,1,Electric power steering assist loss,Early signal,3.461972239935768,sudden loss,0.07383618787723534,2,0.6666666666666666,1
2026-02-01,HYUNDAI MOTOR AMERICA,HYUNDAI,IONIQ 5,2024,POWER TRAIN,1,Electric power steering assist loss,Early signal,3.461972239935768,sudden,0.07383618787723534,2,0.6666666666666666,1
2026-02-01,HYUNDAI MOTOR AMERICA,HYUNDAI,IONIQ 5,2024,POWER TRAIN,1,Electric power steering assist loss,Early signal,3.461972239935768,loss power,0.07383618787723534,2,0.6666666666666666,1
2026-02-01,"GENERAL MOTORS, LLC",CHEVROLET,MALIBU,2022,ENGINE / COOLING,2,Check engine light / engine fault complaints,Early signal,2.5152097146435417,engine,0.12943434881769056,3,1.0,1
2026-02-01,"GENERAL MOTORS, LLC",CHEVROLET,MALIBU,2022,ENGINE / COOLING,2,Check engine light / engine fault complaints,Early signal,2.5152097146435417,light,0.12350472874438406,3,1.0,1
2026-02-01,"GENERAL MOTORS, LLC",CHEVROLET,MALIBU,2022,ENGINE / COOLING,2,Check engine light / engine fault complaints,Early signal,2.5152097146435417,turbo,0.10333485906766708,2,0.6666666666666666,1
2026-02-01,"GENERAL MOTORS, LLC",CHEVROLET,MALIBU,2022,ENGINE / COOLING,2,Check engine light / engine fault complaints,Early signal,2.5152097146435417,engine light,0.1020118551363211,3,1.0,1
2026-02-01,"GENERAL MOTORS, LLC",CHEVROLET,MALIBU,2022,ENGINE / COOLING,2,Check engine light / engine fault complaints,Early signal,2.5152097146435417,chevy,0.10086044846598922,3,1.0,1
